{"cameraMode":{"drawMode":0,"name":"Shaded","section":"Shading Mode"},"sceneLighting":true,"audioPlay":false,"sceneViewState":{"showFog":true,"showMaterialUpdate":false,"showSkybox":true,"showFlares":true,"showImageEffects":true,"showParticleSystems":true},"in2DMode":false,"pivot":{"x":1.4098095893859864,"y":-0.12592583894729615,"z":-1.2254582643508912},"rotation":{"x":-0.17667193710803986,"y":0.8214918375015259,"z":-0.4124540388584137,"w":-0.35188058018684389},"size":14.765103340148926,"orthographic":false}